<?xml version="1.0" encoding="UTF-8"?>
<GenRun Id="blk_mem_gen_const_synth_1" LaunchPart="xc7a35tcpg236-1" LaunchTime="1697245068">
  <File Type="PA-TCL" Name="blk_mem_gen_const.tcl"/>
  <File Type="REPORTS-TCL" Name="blk_mem_gen_const_reports.tcl"/>
  <File Type="RDS-RDS" Name="blk_mem_gen_const.vds"/>
  <File Type="RDS-DCP" Name="blk_mem_gen_const.dcp"/>
  <FileSet Name="sources" Type="BlockSrcs" RelSrcDir="$PSRCDIR/blk_mem_gen_const">
    <File Path="$PSRCDIR/sources_1/imports/Desktop/blk_mem_gen_const/blk_mem_gen_const.xci">
      <FileInfo>
        <Attr Name="ImportPath" Val="$PPRDIR/../../../../../../../../Desktop/EE2026-Project/MODS/MODS.srcs/sources_1/imports/Desktop/blk_mem_gen_const/blk_mem_gen_const.xci"/>
        <Attr Name="ImportTime" Val="1699100848"/>
        <Attr Name="UsedIn" Val="synthesis"/>
        <Attr Name="UsedIn" Val="implementation"/>
        <Attr Name="UsedIn" Val="simulation"/>
      </FileInfo>
    </File>
    <Config>
      <Option Name="TopModule" Val="blk_mem_gen_const"/>
      <Option Name="UseBlackboxStub" Val="1"/>
    </Config>
  </FileSet>
  <FileSet Name="constrs_in" Type="BlockSrcs" RelSrcDir="$PSRCDIR/blk_mem_gen_const">
    <File Path="$PSRCDIR/sources_1/imports/Desktop/blk_mem_gen_const/blk_mem_gen_const.xci">
      <FileInfo>
        <Attr Name="ImportPath" Val="$PPRDIR/../../../../../../../../Desktop/EE2026-Project/MODS/MODS.srcs/sources_1/imports/Desktop/blk_mem_gen_const/blk_mem_gen_const.xci"/>
        <Attr Name="ImportTime" Val="1699100848"/>
        <Attr Name="UsedIn" Val="synthesis"/>
        <Attr Name="UsedIn" Val="implementation"/>
        <Attr Name="UsedIn" Val="simulation"/>
      </FileInfo>
    </File>
    <Config>
      <Option Name="TopModule" Val="blk_mem_gen_const"/>
      <Option Name="UseBlackboxStub" Val="1"/>
    </Config>
  </FileSet>
  <Strategy Version="1" Minor="2">
    <StratHandle Name="Vivado Synthesis Defaults" Flow="Vivado Synthesis 2018"/>
    <Step Id="synth_design"/>
  </Strategy>
</GenRun>
