<?xml version="1.0" encoding="UTF-8"?>
<GenRun Id="impl_1" LaunchPart="xc7a35tcpg236-1" LaunchTime="1699099947">
  <File Type="ROUTE-PWR" Name="Top_Student_power_routed.rpt"/>
  <File Type="PA-TCL" Name="Top_Student.tcl"/>
  <File Type="BITSTR-BMM" Name="Top_Student_bd.bmm"/>
  <File Type="ROUTE-PWR-SUM" Name="Top_Student_power_summary_routed.pb"/>
  <File Type="REPORTS-TCL" Name="Top_Student_reports.tcl"/>
  <File Type="OPT-DCP" Name="Top_Student_opt.dcp"/>
  <File Type="OPT-DRC" Name="Top_Student_drc_opted.rpt"/>
  <File Type="OPT-HWDEF" Name="Top_Student.hwdef"/>
  <File Type="PWROPT-DCP" Name="Top_Student_pwropt.dcp"/>
  <File Type="PLACE-DCP" Name="Top_Student_placed.dcp"/>
  <File Type="PLACE-IO" Name="Top_Student_io_placed.rpt"/>
  <File Type="PLACE-UTIL" Name="Top_Student_utilization_placed.rpt"/>
  <File Type="PLACE-UTIL-PB" Name="Top_Student_utilization_placed.pb"/>
  <File Type="PLACE-CTRL" Name="Top_Student_control_sets_placed.rpt"/>
  <File Type="PLACE-PRE-SIMILARITY" Name="Top_Student_incremental_reuse_pre_placed.rpt"/>
  <File Type="BG-BGN" Name="Top_Student.bgn"/>
  <File Type="POSTPLACE-PWROPT-DCP" Name="Top_Student_postplace_pwropt.dcp"/>
  <File Type="BG-BIN" Name="Top_Student.bin"/>
  <File Type="PHYSOPT-DCP" Name="Top_Student_physopt.dcp"/>
  <File Type="BITSTR-MSK" Name="Top_Student.msk"/>
  <File Type="ROUTE-ERROR-DCP" Name="Top_Student_routed_error.dcp"/>
  <File Type="ROUTE-DCP" Name="Top_Student_routed.dcp"/>
  <File Type="ROUTE-BLACKBOX-DCP" Name="Top_Student_routed_bb.dcp"/>
  <File Type="ROUTE-DRC" Name="Top_Student_drc_routed.rpt"/>
  <File Type="ROUTE-DRC-PB" Name="Top_Student_drc_routed.pb"/>
  <File Type="ROUTE-DRC-RPX" Name="Top_Student_drc_routed.rpx"/>
  <File Type="BITSTR-LTX" Name="Top_Student.ltx"/>
  <File Type="ROUTE-METHODOLOGY-DRC" Name="Top_Student_methodology_drc_routed.rpt"/>
  <File Type="BITSTR-MMI" Name="Top_Student.mmi"/>
  <File Type="ROUTE-METHODOLOGY-DRC-RPX" Name="Top_Student_methodology_drc_routed.rpx"/>
  <File Type="ROUTE-METHODOLOGY-DRC-PB" Name="Top_Student_methodology_drc_routed.pb"/>
  <File Type="BITSTR-SYSDEF" Name="Top_Student.sysdef"/>
  <File Type="ROUTE-PWR-RPX" Name="Top_Student_power_routed.rpx"/>
  <File Type="ROUTE-STATUS" Name="Top_Student_route_status.rpt"/>
  <File Type="ROUTE-STATUS-PB" Name="Top_Student_route_status.pb"/>
  <File Type="ROUTE-TIMINGSUMMARY" Name="Top_Student_timing_summary_routed.rpt"/>
  <File Type="ROUTE-TIMING-PB" Name="Top_Student_timing_summary_routed.pb"/>
  <File Type="ROUTE-TIMING-RPX" Name="Top_Student_timing_summary_routed.rpx"/>
  <File Type="ROUTE-CLK" Name="Top_Student_clock_utilization_routed.rpt"/>
  <File Type="ROUTE-BUS-SKEW" Name="Top_Student_bus_skew_routed.rpt"/>
  <File Type="ROUTE-BUS-SKEW-PB" Name="Top_Student_bus_skew_routed.pb"/>
  <File Type="ROUTE-BUS-SKEW-RPX" Name="Top_Student_bus_skew_routed.rpx"/>
  <File Type="POSTROUTE-PHYSOPT-DCP" Name="Top_Student_postroute_physopt.dcp"/>
  <File Type="POSTROUTE-PHYSOPT-BLACKBOX-DCP" Name="Top_Student_postroute_physopt_bb.dcp"/>
  <File Type="BG-BIT" Name="Top_Student.bit"/>
  <File Type="BITSTR-RBT" Name="Top_Student.rbt"/>
  <File Type="BITSTR-NKY" Name="Top_Student.nky"/>
  <File Type="BG-DRC" Name="Top_Student.drc"/>
  <File Type="RDI-RDI" Name="Top_Student.vdi"/>
  <File Type="WBT-USG" Name="usage_statistics_webtalk.html"/>
  <FileSet Name="sources" Type="DesignSrcs" RelSrcDir="$PSRCDIR/sources_1">
    <Filter Type="Srcs"/>
    <File Path="$PSRCDIR/sources_1/imports/Desktop/blk_mem_gen_inter/blk_mem_gen_inter.xci">
      <FileInfo>
        <Attr Name="ImportPath" Val="$PPRDIR/../../../../../../../../Desktop/EE2026-Project/MODS/MODS.srcs/sources_1/imports/Desktop/blk_mem_gen_inter/blk_mem_gen_inter.xci"/>
        <Attr Name="ImportTime" Val="1696947849"/>
        <Attr Name="UsedIn" Val="synthesis"/>
        <Attr Name="UsedIn" Val="implementation"/>
        <Attr Name="UsedIn" Val="simulation"/>
      </FileInfo>
    </File>
    <File Path="$PSRCDIR/sources_1/imports/MODS/MODS.runs/blk_mem_gen_const_synth_1/blk_mem_gen_const.dcp">
      <FileInfo>
        <Attr Name="ImportPath" Val="$PPRDIR/../../../../../../../../Desktop/EE2026-Project/MODS/MODS.runs/blk_mem_gen_const_synth_1/blk_mem_gen_const.dcp"/>
        <Attr Name="ImportTime" Val="1698325041"/>
        <Attr Name="UsedIn" Val="synthesis"/>
        <Attr Name="UsedIn" Val="implementation"/>
      </FileInfo>
    </File>
    <File Path="$PSRCDIR/sources_1/imports/MODS/MODS.runs/blk_mem_gen_img_synth_1/blk_mem_gen_img.dcp">
      <FileInfo>
        <Attr Name="ImportPath" Val="$PPRDIR/../../../../../../../../Desktop/EE2026-Project/MODS/MODS.runs/blk_mem_gen_img_synth_1/blk_mem_gen_img.dcp"/>
        <Attr Name="ImportTime" Val="1698325041"/>
        <Attr Name="UsedIn" Val="synthesis"/>
        <Attr Name="UsedIn" Val="implementation"/>
      </FileInfo>
    </File>
    <File Path="$PSRCDIR/sources_1/imports/Desktop/blk_mem_gen_0_1/blk_mem_gen_0.xci">
      <FileInfo>
        <Attr Name="ImportPath" Val="$PPRDIR/../../../../../../../../Desktop/EE2026-Project/MODS/MODS.srcs/sources_1/imports/Desktop/blk_mem_gen_0_1/blk_mem_gen_0.xci"/>
        <Attr Name="ImportTime" Val="1696947848"/>
        <Attr Name="UsedIn" Val="synthesis"/>
        <Attr Name="UsedIn" Val="implementation"/>
        <Attr Name="UsedIn" Val="simulation"/>
      </FileInfo>
    </File>
    <File Path="$PSRCDIR/sources_1/new/constants.vh">
      <FileInfo>
        <Attr Name="ImportPath" Val="$PPRDIR/../../../../../../../../Desktop/EE2026-Project/MODS/MODS.srcs/sources_1/new/constants.vh"/>
        <Attr Name="ImportTime" Val="1698483858"/>
        <Attr Name="UsedIn" Val="synthesis"/>
        <Attr Name="UsedIn" Val="simulation"/>
      </FileInfo>
    </File>
    <File Path="$PSRCDIR/sources_1/new/alarm/7seg_control.v">
      <FileInfo>
        <Attr Name="ImportPath" Val="$PPRDIR/../../../../../../../../Desktop/EE2026-Project/MODS/MODS.srcs/sources_1/new/alarm/7seg_control.v"/>
        <Attr Name="ImportTime" Val="1699099940"/>
        <Attr Name="UsedIn" Val="synthesis"/>
        <Attr Name="UsedIn" Val="implementation"/>
        <Attr Name="UsedIn" Val="simulation"/>
      </FileInfo>
    </File>
    <File Path="$PSRCDIR/sources_1/imports/Desktop/CanvasTransfer.v">
      <FileInfo>
        <Attr Name="ImportPath" Val="$PPRDIR/../../../../../../../../Desktop/EE2026-Project/MODS/MODS.srcs/sources_1/imports/Desktop/CanvasTransfer.v"/>
        <Attr Name="ImportTime" Val="1696947848"/>
        <Attr Name="UsedIn" Val="synthesis"/>
        <Attr Name="UsedIn" Val="implementation"/>
        <Attr Name="UsedIn" Val="simulation"/>
      </FileInfo>
    </File>
    <File Path="$PSRCDIR/sources_1/imports/Desktop/Oled_Display.v">
      <FileInfo>
        <Attr Name="ImportPath" Val="$PPRDIR/../../../../../../../../../../Oled_Display.v"/>
        <Attr Name="ImportTime" Val="1570395512"/>
        <Attr Name="UsedIn" Val="synthesis"/>
        <Attr Name="UsedIn" Val="implementation"/>
        <Attr Name="UsedIn" Val="simulation"/>
      </FileInfo>
    </File>
    <File Path="$PSRCDIR/sources_1/imports/XADC/XADCdemo.v">
      <FileInfo>
        <Attr Name="ImportPath" Val="$PPRDIR/../../../../../../../../Desktop/EE2026-Project/MODS/MODS.srcs/sources_1/imports/XADC/XADCdemo.v"/>
        <Attr Name="ImportTime" Val="1699090873"/>
        <Attr Name="UsedIn" Val="synthesis"/>
        <Attr Name="UsedIn" Val="implementation"/>
        <Attr Name="UsedIn" Val="simulation"/>
      </FileInfo>
    </File>
    <File Path="$PSRCDIR/sources_1/new/alarm/alarm.v">
      <FileInfo>
        <Attr Name="ImportPath" Val="$PPRDIR/../../../../../../../../Desktop/EE2026-Project/MODS/MODS.srcs/sources_1/new/alarm/alarm.v"/>
        <Attr Name="ImportTime" Val="1699070894"/>
        <Attr Name="UsedIn" Val="synthesis"/>
        <Attr Name="UsedIn" Val="implementation"/>
        <Attr Name="UsedIn" Val="simulation"/>
      </FileInfo>
    </File>
    <File Path="$PSRCDIR/sources_1/new/alarm/alarm_starter.v">
      <FileInfo>
        <Attr Name="ImportPath" Val="$PPRDIR/../../../../../../../../Desktop/EE2026-Project/MODS/MODS.srcs/sources_1/new/alarm/alarm_starter.v"/>
        <Attr Name="ImportTime" Val="1699071130"/>
        <Attr Name="UsedIn" Val="synthesis"/>
        <Attr Name="UsedIn" Val="implementation"/>
        <Attr Name="UsedIn" Val="simulation"/>
      </FileInfo>
    </File>
    <File Path="$PSRCDIR/sources_1/new/alarm/animation.v">
      <FileInfo>
        <Attr Name="ImportPath" Val="$PPRDIR/../../../../../../../../Desktop/EE2026-Project/MODS/MODS.srcs/sources_1/new/alarm/animation.v"/>
        <Attr Name="ImportTime" Val="1699087277"/>
        <Attr Name="UsedIn" Val="synthesis"/>
        <Attr Name="UsedIn" Val="implementation"/>
        <Attr Name="UsedIn" Val="simulation"/>
      </FileInfo>
    </File>
    <File Path="$PSRCDIR/sources_1/imports/MODS/MODS.ip_user_files/ip/blk_mem_gen_const/blk_mem_gen_const_stub.v">
      <FileInfo>
        <Attr Name="ImportPath" Val="$PPRDIR/../../../../../../../../Desktop/EE2026-Project/MODS/MODS.ip_user_files/ip/blk_mem_gen_const/blk_mem_gen_const_stub.v"/>
        <Attr Name="ImportTime" Val="1698325041"/>
        <Attr Name="UsedIn" Val="synthesis"/>
        <Attr Name="UsedIn" Val="implementation"/>
        <Attr Name="UsedIn" Val="simulation"/>
      </FileInfo>
    </File>
    <File Path="$PSRCDIR/sources_1/imports/MODS/MODS.ip_user_files/ip/blk_mem_gen_img/blk_mem_gen_img_stub.v">
      <FileInfo>
        <Attr Name="ImportPath" Val="$PPRDIR/../../../../../../../../Desktop/EE2026-Project/MODS/MODS.ip_user_files/ip/blk_mem_gen_img/blk_mem_gen_img_stub.v"/>
        <Attr Name="ImportTime" Val="1698325041"/>
        <Attr Name="UsedIn" Val="synthesis"/>
        <Attr Name="UsedIn" Val="implementation"/>
        <Attr Name="UsedIn" Val="simulation"/>
      </FileInfo>
    </File>
    <File Path="$PSRCDIR/sources_1/new/alarm/clk_1hz_mod.v">
      <FileInfo>
        <Attr Name="ImportPath" Val="$PPRDIR/../../../../../../../../Desktop/EE2026-Project/MODS/MODS.srcs/sources_1/new/alarm/clk_1hz_mod.v"/>
        <Attr Name="ImportTime" Val="1699070970"/>
        <Attr Name="UsedIn" Val="synthesis"/>
        <Attr Name="UsedIn" Val="implementation"/>
        <Attr Name="UsedIn" Val="simulation"/>
      </FileInfo>
    </File>
    <File Path="$PSRCDIR/sources_1/imports/Desktop/clk_divider.v">
      <FileInfo>
        <Attr Name="ImportPath" Val="$PPRDIR/../../../../../../../../Desktop/EE2026-Project/MODS/MODS.srcs/sources_1/imports/Desktop/clk_divider.v"/>
        <Attr Name="ImportTime" Val="1696947849"/>
        <Attr Name="UsedIn" Val="synthesis"/>
        <Attr Name="UsedIn" Val="implementation"/>
        <Attr Name="UsedIn" Val="simulation"/>
      </FileInfo>
    </File>
    <File Path="$PSRCDIR/sources_1/new/alarm/clk_sound.v">
      <FileInfo>
        <Attr Name="ImportPath" Val="$PPRDIR/../../../../../../../../Desktop/EE2026-Project/MODS/MODS.srcs/sources_1/new/alarm/clk_sound.v"/>
        <Attr Name="ImportTime" Val="1699071130"/>
        <Attr Name="UsedIn" Val="synthesis"/>
        <Attr Name="UsedIn" Val="implementation"/>
        <Attr Name="UsedIn" Val="simulation"/>
      </FileInfo>
    </File>
    <File Path="$PSRCDIR/sources_1/new/alarm/clock_gen.v">
      <FileInfo>
        <Attr Name="ImportPath" Val="$PPRDIR/../../../../../../../../Desktop/EE2026-Project/MODS/MODS.srcs/sources_1/new/alarm/clock_gen.v"/>
        <Attr Name="ImportTime" Val="1699071130"/>
        <Attr Name="UsedIn" Val="synthesis"/>
        <Attr Name="UsedIn" Val="implementation"/>
        <Attr Name="UsedIn" Val="simulation"/>
      </FileInfo>
    </File>
    <File Path="$PSRCDIR/sources_1/new/alarm/digits.v">
      <FileInfo>
        <Attr Name="ImportPath" Val="$PPRDIR/../../../../../../../../Desktop/EE2026-Project/MODS/MODS.srcs/sources_1/new/alarm/digits.v"/>
        <Attr Name="ImportTime" Val="1699081040"/>
        <Attr Name="UsedIn" Val="synthesis"/>
        <Attr Name="UsedIn" Val="implementation"/>
        <Attr Name="UsedIn" Val="simulation"/>
      </FileInfo>
    </File>
    <File Path="$PSRCDIR/sources_1/new/mic.v">
      <FileInfo>
        <Attr Name="ImportPath" Val="$PPRDIR/../../../../../../../../Desktop/EE2026-Project/MODS/MODS.srcs/sources_1/new/mic.v"/>
        <Attr Name="ImportTime" Val="1699096978"/>
        <Attr Name="UsedIn" Val="synthesis"/>
        <Attr Name="UsedIn" Val="implementation"/>
        <Attr Name="UsedIn" Val="simulation"/>
      </FileInfo>
    </File>
    <File Path="$PSRCDIR/sources_1/imports/Desktop/module_pack.v">
      <FileInfo>
        <Attr Name="ImportPath" Val="$PPRDIR/../../../../../../../../Desktop/EE2026-Project/MODS/MODS.srcs/sources_1/imports/Desktop/module_pack.v"/>
        <Attr Name="ImportTime" Val="1696947849"/>
        <Attr Name="UsedIn" Val="synthesis"/>
        <Attr Name="UsedIn" Val="implementation"/>
        <Attr Name="UsedIn" Val="simulation"/>
      </FileInfo>
    </File>
    <File Path="$PSRCDIR/sources_1/imports/Desktop/neural_net.v">
      <FileInfo>
        <Attr Name="ImportPath" Val="$PPRDIR/../../../../../../../../Desktop/EE2026-Project/MODS/MODS.srcs/sources_1/imports/Desktop/neural_net.v"/>
        <Attr Name="ImportTime" Val="1696947849"/>
        <Attr Name="UsedIn" Val="synthesis"/>
        <Attr Name="UsedIn" Val="implementation"/>
        <Attr Name="UsedIn" Val="simulation"/>
      </FileInfo>
    </File>
    <File Path="$PSRCDIR/sources_1/imports/Desktop/paint.v">
      <FileInfo>
        <Attr Name="ImportPath" Val="$PPRDIR/../../../../../../../../Desktop/EE2026-Project/paint.v"/>
        <Attr Name="ImportTime" Val="1696088641"/>
        <Attr Name="UsedIn" Val="synthesis"/>
        <Attr Name="UsedIn" Val="implementation"/>
        <Attr Name="UsedIn" Val="simulation"/>
      </FileInfo>
    </File>
    <File Path="$PSRCDIR/sources_1/new/password.v">
      <FileInfo>
        <Attr Name="ImportPath" Val="$PPRDIR/../../../../../../../../Desktop/EE2026-Project/MODS/MODS.srcs/sources_1/new/password.v"/>
        <Attr Name="ImportTime" Val="1699082872"/>
        <Attr Name="UsedIn" Val="synthesis"/>
        <Attr Name="UsedIn" Val="implementation"/>
        <Attr Name="UsedIn" Val="simulation"/>
      </FileInfo>
    </File>
    <File Path="$PSRCDIR/sources_1/imports/Desktop/ss_display.v">
      <FileInfo>
        <Attr Name="ImportPath" Val="$PPRDIR/../../../../../../../../Desktop/EE2026-Project/MODS/MODS.srcs/sources_1/imports/Desktop/ss_display.v"/>
        <Attr Name="ImportTime" Val="1696947849"/>
        <Attr Name="UsedIn" Val="synthesis"/>
        <Attr Name="UsedIn" Val="implementation"/>
        <Attr Name="UsedIn" Val="simulation"/>
      </FileInfo>
    </File>
    <File Path="$PSRCDIR/sources_1/new/alarm/tenhz_gen.v">
      <FileInfo>
        <Attr Name="ImportPath" Val="$PPRDIR/../../../../../../../../Desktop/EE2026-Project/MODS/MODS.srcs/sources_1/new/alarm/tenhz_gen.v"/>
        <Attr Name="ImportTime" Val="1699070788"/>
        <Attr Name="UsedIn" Val="synthesis"/>
        <Attr Name="UsedIn" Val="implementation"/>
        <Attr Name="UsedIn" Val="simulation"/>
      </FileInfo>
    </File>
    <File Path="$PSRCDIR/sources_1/new/alarm/top_alarm.v">
      <FileInfo>
        <Attr Name="ImportPath" Val="$PPRDIR/../../../../../../../../Desktop/EE2026-Project/MODS/MODS.srcs/sources_1/new/alarm/top_alarm.v"/>
        <Attr Name="ImportTime" Val="1699099647"/>
        <Attr Name="UsedIn" Val="synthesis"/>
        <Attr Name="UsedIn" Val="implementation"/>
        <Attr Name="UsedIn" Val="simulation"/>
      </FileInfo>
    </File>
    <File Path="$PSRCDIR/sources_1/new/utility_mods.v">
      <FileInfo>
        <Attr Name="ImportPath" Val="$PPRDIR/../../../../../../../../Desktop/EE2026-Project/MODS/MODS.srcs/sources_1/new/utility_mods.v"/>
        <Attr Name="ImportTime" Val="1699098693"/>
        <Attr Name="UsedIn" Val="synthesis"/>
        <Attr Name="UsedIn" Val="implementation"/>
        <Attr Name="UsedIn" Val="simulation"/>
      </FileInfo>
    </File>
    <File Path="$PSRCDIR/sources_1/imports/Desktop/Audio_Output.vhd">
      <FileInfo>
        <Attr Name="ImportPath" Val="$PPRDIR/../../../../../../../../Desktop/EE2026-Project/MODS/MODS.srcs/sources_1/imports/Desktop/Audio_Output.vhd"/>
        <Attr Name="ImportTime" Val="1698766146"/>
        <Attr Name="UsedIn" Val="synthesis"/>
        <Attr Name="UsedIn" Val="simulation"/>
      </FileInfo>
    </File>
    <File Path="$PSRCDIR/sources_1/imports/Desktop/Mouse_Control.vhd">
      <FileInfo>
        <Attr Name="ImportPath" Val="$PPRDIR/../../../../../../../../../../Mouse_Control.vhd"/>
        <Attr Name="ImportTime" Val="1676185106"/>
        <Attr Name="UsedIn" Val="synthesis"/>
        <Attr Name="UsedIn" Val="simulation"/>
      </FileInfo>
    </File>
    <File Path="$PSRCDIR/sources_1/imports/Desktop/Ps2Interface.vhd">
      <FileInfo>
        <Attr Name="ImportPath" Val="$PPRDIR/../../../../../../../../../../Ps2Interface.vhd"/>
        <Attr Name="ImportTime" Val="1667157208"/>
        <Attr Name="UsedIn" Val="synthesis"/>
        <Attr Name="UsedIn" Val="simulation"/>
      </FileInfo>
    </File>
    <File Path="$PSRCDIR/sources_1/new/Top_Student.v">
      <FileInfo>
        <Attr Name="ImportPath" Val="$PPRDIR/../../../../../../../../../SoundDisplay.srcs/sources_1/new/Top_Student.v"/>
        <Attr Name="ImportTime" Val="1570395690"/>
        <Attr Name="UsedIn" Val="synthesis"/>
        <Attr Name="UsedIn" Val="implementation"/>
        <Attr Name="UsedIn" Val="simulation"/>
      </FileInfo>
    </File>
    <File Path="$PSRCDIR/sources_1/new/basic_tasks/basic_task_mux.v">
      <FileInfo>
        <Attr Name="AutoDisabled" Val="1"/>
        <Attr Name="ImportPath" Val="$PPRDIR/../../../../../../../../Desktop/EE2026-Project/MODS/MODS.srcs/sources_1/new/basic_tasks/basic_task_mux.v"/>
        <Attr Name="ImportTime" Val="1698993288"/>
        <Attr Name="UsedIn" Val="synthesis"/>
        <Attr Name="UsedIn" Val="implementation"/>
        <Attr Name="UsedIn" Val="simulation"/>
      </FileInfo>
    </File>
    <File Path="$PSRCDIR/sources_1/new/basic_tasks/task_4a.v">
      <FileInfo>
        <Attr Name="AutoDisabled" Val="1"/>
        <Attr Name="ImportPath" Val="$PPRDIR/../../../../../../../../Desktop/EE2026-Project/MODS/MODS.srcs/sources_1/new/basic_tasks/task_4a.v"/>
        <Attr Name="ImportTime" Val="1698993288"/>
        <Attr Name="UsedIn" Val="synthesis"/>
        <Attr Name="UsedIn" Val="implementation"/>
        <Attr Name="UsedIn" Val="simulation"/>
      </FileInfo>
    </File>
    <File Path="$PSRCDIR/sources_1/new/basic_tasks/task_4b.v">
      <FileInfo>
        <Attr Name="AutoDisabled" Val="1"/>
        <Attr Name="ImportPath" Val="$PPRDIR/../../../../../../../../Desktop/EE2026-Project/MODS/MODS.srcs/sources_1/new/basic_tasks/task_4b.v"/>
        <Attr Name="ImportTime" Val="1698993288"/>
        <Attr Name="UsedIn" Val="synthesis"/>
        <Attr Name="UsedIn" Val="implementation"/>
        <Attr Name="UsedIn" Val="simulation"/>
      </FileInfo>
    </File>
    <File Path="$PSRCDIR/sources_1/new/basic_tasks/task_4c.v">
      <FileInfo>
        <Attr Name="AutoDisabled" Val="1"/>
        <Attr Name="ImportPath" Val="$PPRDIR/../../../../../../../../Desktop/EE2026-Project/MODS/MODS.srcs/sources_1/new/basic_tasks/task_4c.v"/>
        <Attr Name="ImportTime" Val="1698993288"/>
        <Attr Name="UsedIn" Val="synthesis"/>
        <Attr Name="UsedIn" Val="implementation"/>
        <Attr Name="UsedIn" Val="simulation"/>
      </FileInfo>
    </File>
    <File Path="$PSRCDIR/sources_1/new/basic_tasks/task_4d.v">
      <FileInfo>
        <Attr Name="AutoDisabled" Val="1"/>
        <Attr Name="ImportPath" Val="$PPRDIR/../../../../../../../../Desktop/EE2026-Project/MODS/MODS.srcs/sources_1/new/basic_tasks/task_4d.v"/>
        <Attr Name="ImportTime" Val="1698993288"/>
        <Attr Name="UsedIn" Val="synthesis"/>
        <Attr Name="UsedIn" Val="implementation"/>
        <Attr Name="UsedIn" Val="simulation"/>
      </FileInfo>
    </File>
    <File Path="$PSRCDIR/sources_1/imports/MouseAudioDisplay/archive_project_summary.txt">
      <FileInfo>
        <Attr Name="ImportPath" Val="$PPRDIR/../../../../../../../../Desktop/EE2026-Project/MouseAudioDisplay/archive_project_summary.txt"/>
        <Attr Name="ImportTime" Val="1677398648"/>
      </FileInfo>
    </File>
    <File Path="$PSRCDIR/sources_1/imports/Desktop/weights.coe">
      <FileInfo>
        <Attr Name="ImportPath" Val="$PPRDIR/../../../../../../../../Desktop/EE2026-Project/MODS/MODS.srcs/sources_1/imports/Desktop/weights.coe"/>
        <Attr Name="ImportTime" Val="1696947849"/>
        <Attr Name="UsedIn" Val="synthesis"/>
        <Attr Name="UsedIn" Val="simulation"/>
      </FileInfo>
    </File>
    <File Path="$PSRCDIR/sources_1/imports/Desktop/00.coe">
      <FileInfo>
        <Attr Name="ImportPath" Val="$PPRDIR/../../../../../../../../Desktop/EE2026-Project/MODS/MODS.srcs/sources_1/imports/Desktop/00.coe"/>
        <Attr Name="ImportTime" Val="1696947848"/>
        <Attr Name="UsedIn" Val="synthesis"/>
        <Attr Name="UsedIn" Val="simulation"/>
      </FileInfo>
    </File>
    <File Path="$PSRCDIR/sources_1/imports/MODS/export_sim/activehdl/blk_mem_gen_img.mif">
      <FileInfo>
        <Attr Name="ImportPath" Val="$PPRDIR/../../../../../../../../Desktop/EE2026-Project/MODS/export_sim/activehdl/blk_mem_gen_img.mif"/>
        <Attr Name="ImportTime" Val="1696947849"/>
        <Attr Name="UsedIn" Val="synthesis"/>
        <Attr Name="UsedIn" Val="simulation"/>
      </FileInfo>
    </File>
    <File Path="$PSRCDIR/sources_1/imports/XADC/segClkDevider.v">
      <FileInfo>
        <Attr Name="AutoDisabled" Val="1"/>
        <Attr Name="ImportPath" Val="$PPRDIR/../../../../../../../../Desktop/EE2026-Project/MODS/MODS.srcs/sources_1/imports/XADC/segClkDevider.v"/>
        <Attr Name="ImportTime" Val="1535345166"/>
        <Attr Name="UsedIn" Val="synthesis"/>
        <Attr Name="UsedIn" Val="implementation"/>
        <Attr Name="UsedIn" Val="simulation"/>
      </FileInfo>
    </File>
    <File Path="$PSRCDIR/sources_1/imports/XADC/decoder3_8.v">
      <FileInfo>
        <Attr Name="AutoDisabled" Val="1"/>
        <Attr Name="ImportPath" Val="$PPRDIR/../../../../../../../../Desktop/EE2026-Project/MODS/MODS.srcs/sources_1/imports/XADC/decoder3_8.v"/>
        <Attr Name="ImportTime" Val="1535345166"/>
        <Attr Name="UsedIn" Val="synthesis"/>
        <Attr Name="UsedIn" Val="implementation"/>
        <Attr Name="UsedIn" Val="simulation"/>
      </FileInfo>
    </File>
    <File Path="$PSRCDIR/sources_1/imports/MODS/export_sim/riviera/blk_mem_gen_const.mif">
      <FileInfo>
        <Attr Name="ImportPath" Val="$PPRDIR/../../../../../../../../Desktop/EE2026-Project/MODS/export_sim/riviera/blk_mem_gen_const.mif"/>
        <Attr Name="ImportTime" Val="1696947850"/>
        <Attr Name="UsedIn" Val="synthesis"/>
        <Attr Name="UsedIn" Val="simulation"/>
      </FileInfo>
    </File>
    <File Path="$PSRCDIR/sources_1/imports/MODS/export_sim/activehdl/blk_mem_gen_const.mif">
      <FileInfo>
        <Attr Name="ImportPath" Val="$PPRDIR/../../../../../../../../Desktop/EE2026-Project/MODS/export_sim/activehdl/blk_mem_gen_const.mif"/>
        <Attr Name="ImportTime" Val="1696947849"/>
        <Attr Name="UsedIn" Val="synthesis"/>
        <Attr Name="UsedIn" Val="simulation"/>
      </FileInfo>
    </File>
    <File Path="$PSRCDIR/sources_1/imports/MODS/export_sim/xsim/blk_mem_gen_img.mif">
      <FileInfo>
        <Attr Name="ImportPath" Val="$PPRDIR/../../../../../../../../Desktop/EE2026-Project/MODS/export_sim/xsim/blk_mem_gen_img.mif"/>
        <Attr Name="ImportTime" Val="1696947850"/>
        <Attr Name="UsedIn" Val="synthesis"/>
        <Attr Name="UsedIn" Val="simulation"/>
      </FileInfo>
    </File>
    <File Path="$PSRCDIR/sources_1/ip/adba6af32e9e90cd/adba6af32e9e90cd.xci">
      <FileInfo>
        <Attr Name="AutoDisabled" Val="1"/>
        <Attr Name="ImportPath" Val="$PPRDIR/../../../../../../../../Desktop/EE2026-Project/MODS/MODS.cache/ip/2018.2/adba6af32e9e90cd/adba6af32e9e90cd.xci"/>
        <Attr Name="ImportTime" Val="1699100855"/>
        <Attr Name="UsedIn" Val="synthesis"/>
        <Attr Name="UsedIn" Val="implementation"/>
        <Attr Name="UsedIn" Val="simulation"/>
      </FileInfo>
    </File>
    <File Path="$PSRCDIR/sources_1/imports/MODS/export_sim/riviera/blk_mem_gen_img.mif">
      <FileInfo>
        <Attr Name="ImportPath" Val="$PPRDIR/../../../../../../../../Desktop/EE2026-Project/MODS/export_sim/riviera/blk_mem_gen_img.mif"/>
        <Attr Name="ImportTime" Val="1696947850"/>
        <Attr Name="UsedIn" Val="synthesis"/>
        <Attr Name="UsedIn" Val="simulation"/>
      </FileInfo>
    </File>
    <File Path="$PSRCDIR/sources_1/imports/MODS/MODS.ip_user_files/sim_scripts/blk_mem_gen_0_1/activehdl/glbl.v">
      <FileInfo>
        <Attr Name="AutoDisabled" Val="1"/>
        <Attr Name="ImportPath" Val="$PPRDIR/../../../../../../../../Desktop/EE2026-Project/MODS/MODS.ip_user_files/sim_scripts/blk_mem_gen_0_1/activehdl/glbl.v"/>
        <Attr Name="ImportTime" Val="1529022455"/>
        <Attr Name="UsedIn" Val="synthesis"/>
        <Attr Name="UsedIn" Val="implementation"/>
        <Attr Name="UsedIn" Val="simulation"/>
      </FileInfo>
    </File>
    <File Path="$PSRCDIR/sources_1/imports/XADC/mux4_4bus.v">
      <FileInfo>
        <Attr Name="AutoDisabled" Val="1"/>
        <Attr Name="ImportPath" Val="$PPRDIR/../../../../../../../../Desktop/EE2026-Project/MODS/MODS.srcs/sources_1/imports/XADC/mux4_4bus.v"/>
        <Attr Name="ImportTime" Val="1535345166"/>
        <Attr Name="UsedIn" Val="synthesis"/>
        <Attr Name="UsedIn" Val="implementation"/>
        <Attr Name="UsedIn" Val="simulation"/>
      </FileInfo>
    </File>
    <File Path="$PSRCDIR/sources_1/imports/MODS/MODS.ip_user_files/mem_init_files/blk_mem_gen_img.mif">
      <FileInfo>
        <Attr Name="ImportPath" Val="$PPRDIR/../../../../../../../../Desktop/EE2026-Project/MODS/MODS.ip_user_files/mem_init_files/blk_mem_gen_img.mif"/>
        <Attr Name="ImportTime" Val="1696947848"/>
        <Attr Name="UsedIn" Val="synthesis"/>
        <Attr Name="UsedIn" Val="simulation"/>
      </FileInfo>
    </File>
    <File Path="$PSRCDIR/sources_1/imports/MODS/export_sim/xcelium/blk_mem_gen_const.mif">
      <FileInfo>
        <Attr Name="ImportPath" Val="$PPRDIR/../../../../../../../../Desktop/EE2026-Project/MODS/export_sim/xcelium/blk_mem_gen_const.mif"/>
        <Attr Name="ImportTime" Val="1696947850"/>
        <Attr Name="UsedIn" Val="synthesis"/>
        <Attr Name="UsedIn" Val="simulation"/>
      </FileInfo>
    </File>
    <File Path="$PSRCDIR/sources_1/imports/MODS/export_sim/questa/blk_mem_gen_img.mif">
      <FileInfo>
        <Attr Name="ImportPath" Val="$PPRDIR/../../../../../../../../Desktop/EE2026-Project/MODS/export_sim/questa/blk_mem_gen_img.mif"/>
        <Attr Name="ImportTime" Val="1696947850"/>
        <Attr Name="UsedIn" Val="synthesis"/>
        <Attr Name="UsedIn" Val="simulation"/>
      </FileInfo>
    </File>
    <File Path="$PSRCDIR/sources_1/ip/9e6741425154cc9b/9e6741425154cc9b.xci">
      <FileInfo>
        <Attr Name="AutoDisabled" Val="1"/>
        <Attr Name="ImportPath" Val="$PPRDIR/../../../../../../../../Desktop/EE2026-Project/MODS/MODS.cache/ip/2018.2/9e6741425154cc9b/9e6741425154cc9b.xci"/>
        <Attr Name="ImportTime" Val="1699100856"/>
        <Attr Name="UsedIn" Val="synthesis"/>
        <Attr Name="UsedIn" Val="implementation"/>
        <Attr Name="UsedIn" Val="simulation"/>
      </FileInfo>
    </File>
    <File Path="$PSRCDIR/sources_1/imports/MODS/export_sim/modelsim/blk_mem_gen_img.mif">
      <FileInfo>
        <Attr Name="ImportPath" Val="$PPRDIR/../../../../../../../../Desktop/EE2026-Project/MODS/export_sim/modelsim/blk_mem_gen_img.mif"/>
        <Attr Name="ImportTime" Val="1696947850"/>
        <Attr Name="UsedIn" Val="synthesis"/>
        <Attr Name="UsedIn" Val="simulation"/>
      </FileInfo>
    </File>
    <File Path="$PSRCDIR/sources_1/imports/MODS/export_sim/questa/blk_mem_gen_const.mif">
      <FileInfo>
        <Attr Name="ImportPath" Val="$PPRDIR/../../../../../../../../Desktop/EE2026-Project/MODS/export_sim/questa/blk_mem_gen_const.mif"/>
        <Attr Name="ImportTime" Val="1696947850"/>
        <Attr Name="UsedIn" Val="synthesis"/>
        <Attr Name="UsedIn" Val="simulation"/>
      </FileInfo>
    </File>
    <File Path="$PSRCDIR/sources_1/imports/MODS/export_sim/ies/blk_mem_gen_const.mif">
      <FileInfo>
        <Attr Name="ImportPath" Val="$PPRDIR/../../../../../../../../Desktop/EE2026-Project/MODS/export_sim/ies/blk_mem_gen_const.mif"/>
        <Attr Name="ImportTime" Val="1696947850"/>
        <Attr Name="UsedIn" Val="synthesis"/>
        <Attr Name="UsedIn" Val="simulation"/>
      </FileInfo>
    </File>
    <File Path="$PSRCDIR/sources_1/imports/MODS/MODS.ip_user_files/mem_init_files/blk_mem_gen_const.mif">
      <FileInfo>
        <Attr Name="ImportPath" Val="$PPRDIR/../../../../../../../../Desktop/EE2026-Project/MODS/MODS.ip_user_files/mem_init_files/blk_mem_gen_const.mif"/>
        <Attr Name="ImportTime" Val="1696947848"/>
        <Attr Name="UsedIn" Val="synthesis"/>
        <Attr Name="UsedIn" Val="simulation"/>
      </FileInfo>
    </File>
    <File Path="$PSRCDIR/sources_1/imports/MODS/export_sim/ies/blk_mem_gen_img.mif">
      <FileInfo>
        <Attr Name="ImportPath" Val="$PPRDIR/../../../../../../../../Desktop/EE2026-Project/MODS/export_sim/ies/blk_mem_gen_img.mif"/>
        <Attr Name="ImportTime" Val="1696947850"/>
        <Attr Name="UsedIn" Val="synthesis"/>
        <Attr Name="UsedIn" Val="simulation"/>
      </FileInfo>
    </File>
    <File Path="$PSRCDIR/sources_1/imports/MODS/MODS.runs/blk_mem_gen_const_synth_1/blk_mem_gen_const.mif">
      <FileInfo>
        <Attr Name="ImportPath" Val="$PPRDIR/../../../../../../../../Desktop/EE2026-Project/MODS/MODS.runs/blk_mem_gen_const_synth_1/blk_mem_gen_const.mif"/>
        <Attr Name="ImportTime" Val="1698325041"/>
        <Attr Name="UsedIn" Val="synthesis"/>
        <Attr Name="UsedIn" Val="simulation"/>
      </FileInfo>
    </File>
    <File Path="$PSRCDIR/sources_1/imports/MODS/export_sim/modelsim/blk_mem_gen_const.mif">
      <FileInfo>
        <Attr Name="ImportPath" Val="$PPRDIR/../../../../../../../../Desktop/EE2026-Project/MODS/export_sim/modelsim/blk_mem_gen_const.mif"/>
        <Attr Name="ImportTime" Val="1696947850"/>
        <Attr Name="UsedIn" Val="synthesis"/>
        <Attr Name="UsedIn" Val="simulation"/>
      </FileInfo>
    </File>
    <File Path="$PSRCDIR/sources_1/imports/MODS/export_sim/xcelium/blk_mem_gen_img.mif">
      <FileInfo>
        <Attr Name="ImportPath" Val="$PPRDIR/../../../../../../../../Desktop/EE2026-Project/MODS/export_sim/xcelium/blk_mem_gen_img.mif"/>
        <Attr Name="ImportTime" Val="1696947850"/>
        <Attr Name="UsedIn" Val="synthesis"/>
        <Attr Name="UsedIn" Val="simulation"/>
      </FileInfo>
    </File>
    <File Path="$PSRCDIR/sources_1/imports/XADC/bin2dec.v">
      <FileInfo>
        <Attr Name="AutoDisabled" Val="1"/>
        <Attr Name="ImportPath" Val="$PPRDIR/../../../../../../../../Desktop/EE2026-Project/MODS/MODS.srcs/sources_1/imports/XADC/bin2dec.v"/>
        <Attr Name="ImportTime" Val="1535345166"/>
        <Attr Name="UsedIn" Val="synthesis"/>
        <Attr Name="UsedIn" Val="implementation"/>
        <Attr Name="UsedIn" Val="simulation"/>
      </FileInfo>
    </File>
    <File Path="$PSRCDIR/sources_1/imports/MODS/export_sim/vcs/blk_mem_gen_img.mif">
      <FileInfo>
        <Attr Name="ImportPath" Val="$PPRDIR/../../../../../../../../Desktop/EE2026-Project/MODS/export_sim/vcs/blk_mem_gen_img.mif"/>
        <Attr Name="ImportTime" Val="1696947850"/>
        <Attr Name="UsedIn" Val="synthesis"/>
        <Attr Name="UsedIn" Val="simulation"/>
      </FileInfo>
    </File>
    <File Path="$PSRCDIR/sources_1/imports/XADC/counter3bit.v">
      <FileInfo>
        <Attr Name="AutoDisabled" Val="1"/>
        <Attr Name="ImportPath" Val="$PPRDIR/../../../../../../../../Desktop/EE2026-Project/MODS/MODS.srcs/sources_1/imports/XADC/counter3bit.v"/>
        <Attr Name="ImportTime" Val="1535345166"/>
        <Attr Name="UsedIn" Val="synthesis"/>
        <Attr Name="UsedIn" Val="implementation"/>
        <Attr Name="UsedIn" Val="simulation"/>
      </FileInfo>
    </File>
    <File Path="$PSRCDIR/sources_1/imports/MODS/MODS.ip_user_files/ipstatic/simulation/blk_mem_gen_v8_4.v">
      <FileInfo>
        <Attr Name="AutoDisabled" Val="1"/>
        <Attr Name="ImportPath" Val="$PPRDIR/../../../../../../../../Desktop/EE2026-Project/MODS/MODS.ip_user_files/ipstatic/simulation/blk_mem_gen_v8_4.v"/>
        <Attr Name="ImportTime" Val="1696947848"/>
        <Attr Name="UsedIn" Val="synthesis"/>
        <Attr Name="UsedIn" Val="implementation"/>
        <Attr Name="UsedIn" Val="simulation"/>
      </FileInfo>
    </File>
    <File Path="$PSRCDIR/sources_1/imports/MODS/export_sim/vcs/blk_mem_gen_const.mif">
      <FileInfo>
        <Attr Name="ImportPath" Val="$PPRDIR/../../../../../../../../Desktop/EE2026-Project/MODS/export_sim/vcs/blk_mem_gen_const.mif"/>
        <Attr Name="ImportTime" Val="1696947850"/>
        <Attr Name="UsedIn" Val="synthesis"/>
        <Attr Name="UsedIn" Val="simulation"/>
      </FileInfo>
    </File>
    <File Path="$PSRCDIR/sources_1/imports/XADC/DigitToSeg.v">
      <FileInfo>
        <Attr Name="AutoDisabled" Val="1"/>
        <Attr Name="ImportPath" Val="$PPRDIR/../../../../../../../../Desktop/EE2026-Project/MODS/MODS.srcs/sources_1/imports/XADC/DigitToSeg.v"/>
        <Attr Name="ImportTime" Val="1535345166"/>
        <Attr Name="UsedIn" Val="synthesis"/>
        <Attr Name="UsedIn" Val="implementation"/>
        <Attr Name="UsedIn" Val="simulation"/>
      </FileInfo>
    </File>
    <File Path="$PSRCDIR/sources_1/imports/MODS/MODS.ip_user_files/ip/blk_mem_gen_img/blk_mem_gen_img_stub.vhdl">
      <FileInfo>
        <Attr Name="AutoDisabled" Val="1"/>
        <Attr Name="ImportPath" Val="$PPRDIR/../../../../../../../../Desktop/EE2026-Project/MODS/MODS.ip_user_files/ip/blk_mem_gen_img/blk_mem_gen_img_stub.vhdl"/>
        <Attr Name="ImportTime" Val="1698325041"/>
        <Attr Name="UsedIn" Val="synthesis"/>
        <Attr Name="UsedIn" Val="simulation"/>
      </FileInfo>
    </File>
    <File Path="$PSRCDIR/sources_1/imports/MODS/MODS.ip_user_files/ip/blk_mem_gen_const/blk_mem_gen_const_stub.vhdl">
      <FileInfo>
        <Attr Name="AutoDisabled" Val="1"/>
        <Attr Name="ImportPath" Val="$PPRDIR/../../../../../../../../Desktop/EE2026-Project/MODS/MODS.ip_user_files/ip/blk_mem_gen_const/blk_mem_gen_const_stub.vhdl"/>
        <Attr Name="ImportTime" Val="1698325041"/>
        <Attr Name="UsedIn" Val="synthesis"/>
        <Attr Name="UsedIn" Val="simulation"/>
      </FileInfo>
    </File>
    <File Path="$PSRCDIR/sources_1/imports/MODS/export_sim/xsim/blk_mem_gen_const.mif">
      <FileInfo>
        <Attr Name="ImportPath" Val="$PPRDIR/../../../../../../../../Desktop/EE2026-Project/MODS/export_sim/xsim/blk_mem_gen_const.mif"/>
        <Attr Name="ImportTime" Val="1696947850"/>
        <Attr Name="UsedIn" Val="synthesis"/>
        <Attr Name="UsedIn" Val="simulation"/>
      </FileInfo>
    </File>
    <File Path="$PSRCDIR/sources_1/imports/XADC/sevensegdecoder.v">
      <FileInfo>
        <Attr Name="AutoDisabled" Val="1"/>
        <Attr Name="ImportPath" Val="$PPRDIR/../../../../../../../../Desktop/EE2026-Project/MODS/MODS.srcs/sources_1/imports/XADC/sevensegdecoder.v"/>
        <Attr Name="ImportTime" Val="1535345166"/>
        <Attr Name="UsedIn" Val="synthesis"/>
        <Attr Name="UsedIn" Val="implementation"/>
        <Attr Name="UsedIn" Val="simulation"/>
      </FileInfo>
    </File>
    <File Path="$PSRCDIR/sources_1/imports/MODS/MODS.runs/blk_mem_gen_img_synth_1/blk_mem_gen_img.mif">
      <FileInfo>
        <Attr Name="ImportPath" Val="$PPRDIR/../../../../../../../../Desktop/EE2026-Project/MODS/MODS.runs/blk_mem_gen_img_synth_1/blk_mem_gen_img.mif"/>
        <Attr Name="ImportTime" Val="1698325041"/>
        <Attr Name="UsedIn" Val="synthesis"/>
        <Attr Name="UsedIn" Val="simulation"/>
      </FileInfo>
    </File>
    <Config>
      <Option Name="DesignMode" Val="RTL"/>
      <Option Name="TopModule" Val="Top_Student"/>
    </Config>
  </FileSet>
  <FileSet Name="constrs_in" Type="Constrs" RelSrcDir="$PSRCDIR/constrs_1">
    <Filter Type="Constrs"/>
    <File Path="$PSRCDIR/constrs_1/new/Basys3_Master.xdc">
      <FileInfo>
        <Attr Name="ImportPath" Val="$PPRDIR/../../../../../../../../../SoundDisplay.srcs/constrs_1/new/Basys3_Master.xdc"/>
        <Attr Name="ImportTime" Val="1570394606"/>
        <Attr Name="UsedIn" Val="synthesis"/>
        <Attr Name="UsedIn" Val="implementation"/>
      </FileInfo>
    </File>
    <Config>
      <Option Name="ConstrsType" Val="XDC"/>
    </Config>
  </FileSet>
  <Strategy Version="1" Minor="2">
    <StratHandle Name="Vivado Implementation Defaults" Flow="Vivado Implementation 2018"/>
    <Step Id="init_design"/>
    <Step Id="opt_design"/>
    <Step Id="power_opt_design"/>
    <Step Id="place_design"/>
    <Step Id="post_place_power_opt_design"/>
    <Step Id="phys_opt_design"/>
    <Step Id="route_design"/>
    <Step Id="post_route_phys_opt_design"/>
    <Step Id="write_bitstream"/>
  </Strategy>
  <BlockFileSet Type="BlockSrcs" Name="xadc_wiz_0"/>
</GenRun>
